Workbook

Sheet Информация о Чемпионате
A3: Компетенция | B3: Программные решения для бизнеса
A4: Наименование этапа Чемпионата | B4: Региональный этап чемпионат по профессиональному мастерству "Профессионалы" в 2026 г.
A5: Субъект РФ (регион проведения) | B5: Санкт-Петербург
A6: Базовая организация расположения конкурсной площадки | B6: Санкт-Петербургский колледж телекоммуникаций им. Э.Т. Кренкеля ФГБОУ ВО "Санкт-Петербургский государственный университет телекоммуникаций им. проф. М.А.Бонч-Бруевича"
A7: Адрес конкурсной площадки | B7: г. Санкт-Петербург, наб. реки Мойки, д. 61, лит. А.
A8: Даты проведения | B8: 02 февраля 2026 года - 06 января 2026 года
A9: Главный эксперт | B9: Кривоносова Наталья Викторовна
A10: Электронная почта ГЭ | B10: nvkrivonosowa@mail.ru
A11: Моб.телефон ГЭ | B11: +7(952)385-42-25
A12: Технический администратор площадки | B12: Андреев Михаил Дмитриевич
A13: Электронная почта ТАП | B13: andreev.mikhail.8b@gmail.com
A14: Моб.телефон ТАП | B14: +79201595535
A15: Количество конкурсантов | B15: 10
A16: Количество рабочих мест | B16: 10
A17: Количество экспертов (ГЭ+ЭН+ИЭ)+ТАП | B17: 13
A20: ЭН - эксперт-наставник
A21: ГЭ - главный эксперт
A22: ИЭ - индустриальный эксперт
A23: ТАП - технический администратор площадки

Sheet Общая инфраструктура
A1: Инфраструктурный лист для оснащения конкурсной площадки
A2: ='Информация о Чемпионате'!B4 -> Региональный этап чемпионат по профессиональному мастерству "Профессионалы" в 2026 г.
A3: по компетенции
A4: ='Информация о Чемпионате'!B3 -> Программные решения для бизнеса
A5: Основная информация о конкурсной площадке:
A6: Субъект Российской Федерации: | C6: ='Информация о Чемпионате'!B5 -> Санкт-Петербург
A7: Базовая организация расположения конкурсной площадки: | D7: ='Информация о Чемпионате'!B6 -> Санкт-Петербургский колледж телекоммуникаций им. Э.Т. Кренкеля ФГБОУ ВО "Санкт-Петербургский государственный университет телекоммуникаций им. проф. М.А.Бонч-Бруевича"
A8: Адрес базовой организации: | C8: ='Информация о Чемпионате'!B7 -> г. Санкт-Петербург, наб. реки Мойки, д. 61, лит. А.
A9: Главный эксперт: | C9: ='Информация о Чемпионате'!B9 -> Кривоносова Наталья Викторовна | E9: ='Информация о Чемпионате'!B10 -> nvkrivonosowa@mail.ru | G9: ='Информация о Чемпионате'!B11 -> +7(952)385-42-25
A10: Технический администратор площадки: | C10: ='Информация о Чемпионате'!B12 -> Андреев Михаил Дмитриевич | E10: ='Информация о Чемпионате'!B13 -> andreev.mikhail.8b@gmail.com | G10: ='Информация о Чемпионате'!B14 -> +79201595535
A11: Количество экспертов (ЭН+ГЭ+ИЭ) + ТАП: | C11: ='Информация о Чемпионате'!B17 -> 13
A12: Количество конкурсантов: | C12: ='Информация о Чемпионате'!B15 -> 10
A13: Количество рабочих мест: | C13: ='Информация о Чемпионате'!B16 -> 10
A14: Даты проведения: | C14: ='Информация о Чемпионате'!B8 -> 02 февраля 2026 года - 06 января 2026 года
A15: Общая зона конкурсной площадки (оборудование, инструмент, мебель)
A16: Требования к обеспечению зоны (коммуникации, площадь, сети, количество рабочих мест и др.):
A17: Площадь зоны: 146 кв.м.
A18: Освещение: верхнее искусственное освещение 300 люкс
A19: Интернет : Подключение к проводному интернету
A20: Электричество: 5 подключений к сети (220 Вольт)
A21: Контур заземления для электропитания и сети слаботочных подключений: не требуется
A22: Покрытие пола: линолеум - на всю зону
A23: Подведение/ отведение ГХВС: не требуется
A24: Подведение сжатого воздуха: не требуется
A25: Интернет : Проводной Интернет - 1 точка. Общая пропускная способность 1Гбит/сек
A26: Электричество: 13 точек 220Вольт, суммарная мощность исходя из пиковой нагрузки используемого оборудования
A27: Контур заземления для электропитания и сети слаботочных подключений (при необходимости): требуется
A28: № | B28: Наименование | C28: Краткие (рамочные) технические характеристики | D28: Вид | E28: Количество | F28: Единица измерения | G28: Итоговое количество | H28: Рекомендации представителей индустрии (указывается конкретное оборудование)
A29: 1 | B29: Коммутатор | C29: Eltex MES2324B | D29: Оборудование IT | E29: 1 | F29: шт | G29: 1
A30: 2 | B30: Wi-Fi маршрутизатор | C30: Xiaomi Mi 4 | D30: Оборудование IT | E30: 1 | F30: шт | G30: 1
A31: 3 | B31: Офисный стол | C31: Офисный стол 70*140 | D31: Мебель | E31: 17 | F31: шт | G31: 17
A32: 4 | B32: Офисный стул | C32: Офисный стул | D32: Мебель | E32: 28 | F32: шт | G32: 28
A33: 5 | B33: Стол компьютерый | C33: Стол компьютерный 61*101 | D33: Мебель | E33: 10 | F33: шт | G33: =E33 -> 10
A34: 6 | B34: Кресло компьютерное | C34: Кресло компьютерное | D34: Мебель | E34: 10 | F34: шт | G34: =E34 -> 10
A35: 7 | B35: Кулер | C35: Кулер 19 л (холодная вода) | D35: Оборудование | E35: 1 | F35: шт | G35: 1
A36: 8 | B36: Короб для системного блока | C36: Короб для системного блока 200*500 | D36: Мебель | E36: 2 | F36: шт | G36: 2
A37: 9 | B37: Флипчарт | C37: Флипчарт 70*100 | D37: Мебель | E37: 1 | F37: шт | G37: 1
A38: 10 | B38: Комод | C38: Комод 45*90 | D38: Мебель | E38: 1 | F38: шт | G38: 1
A39: 11 | B39: Проектор | C39: Проектор Epson EB-X31 | D39: Оборудование IT | E39: 1 | F39: шт | G39: 1
A40: 12 | B40: Проектор мультимедйный | C40: Проектор BenQ MX808STH | D40: Оборудование IT | E40: 1 | F40: шт | G40: 1
A41: 13 | B41: Экран для проектора | C41: Экран для проектора 205*275 | D41: Оборудование IT | E41: 1 | F41: шт | G41: 1
A42: 14 | B42: Экран мультимедийный | C42: Экран мультимедийный 175*125 | D42: Оборудование IT | E42: 1 | F42: шт | G42: 1
A43: 15 | B43: Колонки | C43: SVEN MC-10 | D43: Оборудование IT | E43: 1 | F43: шт | G43: 1
A44: 16 | B44: Серверный шкаф | C44: Серверный шкаф 60*60 (включая пилот на 8 розеток и терминал Aten) | D44: Оборудование IT | E44: 1 | F44: шт | G44: 1
A45: 17 | B45: Презентер | C45: Пульт для презентаций Oklick | D45: Оборудование IT | E45: 1 | F45: шт | G45: 1
A46: 18 | B46: Маркерная доска | C46: Маркерная доска 100*300 | D46: Мебель | E46: 1 | F46: шт | G46: 1
... A81: 53 | B81: ПО среда разработки | C81: Программное обеспечение PyCharm Professional 2025.3 | D81: ПО | E81: 2 | F81: шт | G81: 2
A82: 54 | B82: Текстовый редактор | C82: Sublime Text 4 Сборка 4200 | E82: 2 | F82: шт | G82: 2
A83: 55 | B83: Текстовый редактор | C83: Программное обеспечение текстовый редактор Notepad++ v8.8.9 | D83: ПО | E83: 2 | F83: шт | G83: 2
A84: 56 | B84: Текстовый редактор | C84: Программное обеспечение текстовый редактор Visual Studio Code 1.107.1 включая: - C# - C# Dev Kit - C# Extensions - C# XML Documentation Comments - NuGet Package Manage - .NET Extension Pack - .NET MAUI - Avalonia for VSCode - Avalonia Templates - Xml Complete - Python - Python Debugger - Python Extension Pack - Python Path - Python Test Explorer for Visual Studio Code - Qt for Python - Python Development Extensions Pack - Java Extension Pack - Spring Boot Extension Pack - Maven for Java - Java - Gradle for Java - gradle-build-helper - Live Server - Path Intellisense - npm Intellisense - Vue.js Extension Pack - Angular Essentials - Flutter - React Native Tools - React Extension Pack - Node Essentials - Next.js CLI | D84: ПО | E84: 2 | F84: шт | G84: 2
A85: 57 | B85: Клиент для работы с API | C85: Программное обеспечение Postman 7.0.9 | D85: ПО | E85: 2 | F85: шт | G85: 2
A86: 58 | B86: ПО СУБД | C86: SQL Server Management Studio 19.3.4.0 | D86: ПО | E86: 2 | F86: шт | G86: 2
A87: 59 | B87: ПО СУБД | C87: Ред База Данных. Промышленная редакция 5.1.3 | D87: ПО | E87: 2 | F87: шт | G87: 2
A88: 60 | B88: ПО СУБД | C88: pgAdmin 4 v9.11 | D88: ПО | E88: 2 | F88: шт | G88: 2
A89: 61 | B89: ПО СУБД | C89: MySQL Workbench 8.0.45 | D89: ПО | E89: 2 | F89: шт | G89: 2
A90: 62 | B90: ПО СУБД | C90: Программное обеспечение DataGrip 2025.3 | D90: ПО | E90: 2 | F90: шт | G90: 2
A91: 63 | B91: ПО среда разработки | C91: Программное обеспечение JetBrains Rider 2025.3.1 Включая следующие компоненты: - Web Development; - Database Tools; - Version Controls; - Rider Xamarin Android Support; - AvaloniaRider. | D91: ПО | E91: 2 | F91: шт | G91: 2
A92: 64 | B92: ПО среда разработки | C92: Программное обеспечение Android Studio v2025.2.2.3 , включая следующие компоненты: - Android SDK Tools; - Android SDK Platform-Tools; - Android SDK Build-Tools; - Android SDK Platform; - USB Driver. | D92: ПО | E92: 2 | F92: шт | G92: 2
A93: 65 | B93: Набор средств разработки | C93: Android 10 SDK | D93: ПО | E93: 2 | F93: шт | G93: 2
A94: 66 | B94: Система управления программным обеспечением | C94: CLI Chocolatey 2.6.0 | D94: ПО | E94: 2 | F94: шт | G94: 2
... A104: 76 | B104: Программное обеспечение для записи экрана | C104: OBS Studio 32.0.4 | D104: ПО | E104: 2 | F104: шт | G104: 2
A105: Комната Конкурсантов (оборудование, инструмент, мебель) (по количеству конкурсантов)
A106: Требования к обеспечению зоны (коммуникации, площадь, сети, количество рабочих мест и др.):
A107: Площадь зоны: 50 кв.м.
A108: Освещение: верхнее искусственное освещение 300 люкс
A109: Интернет : Подключение к проводному интернету
A110: Электричество: 1 подключение к сети по (220 Вольт)
A111: Контур заземления для электропитания и сети слаботочных подключений: не требуется
A112: Покрытие пола: паркет - 50 м2 на всю зону
A113: Подведение/ отведение ГХВС: не требуется
A114: Подведение сжатого воздуха: не требуется
A115: № | B115: Наименование | C115: Краткие (рамочные) технические характеристики | D115: Вид | E115: Количество | F115: Единица измерения | G115: Итоговое количество | H115: Рекомендации представителей индустрии (указывается конкретное оборудование)
A116: 1 | B116: Парта ученическая | C116: Парта ученическая 120*50 | D116: Мебель | E116: 16 | F116: шт | G116: =E116 -> 16
A117: 2 | B117: Стол преподавателя | C117: Стол преподавателя 60*121 | D117: Мебель | E117: 1 | F117: шт | G117: =E117 -> 1
A118: 3 | B118: Стул офисный | C118: Стул офисный | D118: Мебель | E118: 1 | F118: шт | G118: =E118 -> 1
A119: 4 | B119: Стул ученический | C119: Стул ученический | D119: Мебель | E119: 32 | F119: шт | G119: =E119 -> 32
A120: 5 | B120: Шкаф с индивидуальными ячейками | C120: Шкаф с индивидуальными ячейками 80*50 | D120: Мебель | E120: 2 | F120: шт | G120: =E120 -> 2
A121: 6 | B121: Вешалка | C121: Вешалка напольная металлическая | D121: Оборудование | E121: 1 | F121: шт | G121: 1
A122: 7 | B122: Мусорная корзина | C122: Мусорная корзина пластиковая | D122: Оборудование | E122: 1 | F122: шт | G122: 1
A123: Комната Экспертов (включая комнату Главного эксперта) (оборудование, инструмент, мебель) (по количеству экспертов)
A124: Требования к обеспечению зоны (коммуникации, площадь, сети, количество рабочих мест и др.):
A125: Площадь зоны: 39 кв.м.
A126: Освещение: верхнее искусственное освещение 300 люкс
A127: Интернет : Подключение к проводному интернету
A128: Электричество:14 подключений к сети (220 Вольт)
A129: Контур заземления для электропитания и сети слаботочных подключений: не требуется
A130: Покрытие пола: линолеум - на всю зону
A131: Подведение/ отведение ГХВС: не требуется
A132: Подведение сжатого воздуха: не требуется
A133: № | B133: Наименование | C133: Краткие (рамочные) технические характеристики | D133: Вид | E133: Количество | F133: Единица измерения | G133: Итоговое количество | H133: Рекомендации представителей индустрии (указывается конкретное оборудование)
A134: 1 | B134: Персональный компьютер в сборе | C134: ЦПУ: - AMD Ryzen 7 2700 @ 3.20 ГГц - количество физических ядер - 8 - количество потоков - 16 Сетевой адаптер: - технология Ethernet - 10/100/1000 mbps ОЗУ: - 16 ГБ Графический адаптер: - NVIDIA GeForce GTX 1650 - возможность подключения двух независимых мониторов ПЗУ: - SSD 256ГБ - HDD 1 ТБ | D134: Оборудование IT | E134: 2 | F134: шт. | G134: 2
A135: 2 | B135: Компьютерный монитор | C135: Benq GW2475T | D135: Оборудование IT | E135: 4 | F135: шт. | G135: 4
A136: 3 | B136: Персональный компьютер в сборе | C136: ЦПУ: - Intel Core i5-12400 @ 4.40 ГГц - количество физических ядер - 6 - количество потоков - 12 Сетевой адаптер: - технология Ethernet - 10/100/1000 mbps ОЗУ: - 16 ГБ Графический адаптер: - интегрированный Intel UHD Graphics 730 ПЗУ: - SSD 512ГБ | D136: Оборудование IT | E136: 1 | F136: шт. | G136: 1
A137: 4 | B137: Монитор | C137: ABR W View 24 MS238HQ-i1 | D137: Оборудование IT | E137: 2 | F137: шт. | G137: 2
A138: 5 | B138: Интерфейсный кабель для подключения монитора | C138: HDMI-HDMI | D138: Оборудование IT | E138: 3 | F138: шт. | G138: 3
A139: 6 | B139: Интерфейсный кабель для подключения монитора | C139: DisplayPort-HDMI | D139: Оборудование IT | E139: 2 | F139: шт. | G139: 2
A140: 7 | B140: Кабель для подключения монитора VGA | C140: Кабель для подключения монитора VGA-VGA, 1,5 М | D140: Оборудование IT | E140: 1 | F140: шт. | G140: 1
A141: 8 | B141: Мышь для компьютера оптическая | C141: Мышь проводная Logitech B100 | D141: Оборудование IT | E141: 3 | F141: шт. | G141: 3
A142: 9 | B142: Клавиатура | C142: Клавиатура проводная Logitech K120 | D142: Оборудование IT | E142: 3 | F142: шт. | G142: 3
A143: 10 | B143: Планшет с ОС Android | C143: Планшет Lenovo TB-X606F Android 10, включая интерфейсный кабель для подключения к ПК | D143: Оборудование IT | E143: 2 | F143: шт. | G143: 2
...

Sheet Рабочее место конкурсантов
A1: Инфраструктурный лист для оснащения конкурсной площадки
A2: ='Информация о Чемпионате'!B4 -> Региональный этап чемпионат по профессиональному мастерству "Профессионалы" в 2026 г.
A3: по компетенции
A4: ='Информация о Чемпионате'!B3 -> Программные решения для бизнеса
A5: Основная информация о конкурсной площадке:
A6: Субъект Российской Федерации: | C6: ='Информация о Чемпионате'!B5 -> Санкт-Петербург
A7: Базовая организация расположения конкурсной площадки: | D7: ='Информация о Чемпионате'!B6 -> Санкт-Петербургский колледж телекоммуникаций им. Э.Т. Кренкеля ФГБОУ ВО "Санкт-Петербургский государственный университет телекоммуникаций им. проф. М.А.Бонч-Бруевича"
A8: Адрес базовой организации: | C8: ='Информация о Чемпионате'!B7 -> г. Санкт-Петербург, наб. реки Мойки, д. 61, лит. А.
A9: Главный эксперт: | C9: ='Информация о Чемпионате'!B9 -> Кривоносова Наталья Викторовна | E9: ='Информация о Чемпионате'!B10 -> nvkrivonosowa@mail.ru | G9: ='Информация о Чемпионате'!B11 -> +7(952)385-42-25
A10: Технический администратор площадки: | C10: ='Информация о Чемпионате'!B12 -> Андреев Михаил Дмитриевич | E10: ='Информация о Чемпионате'!B13 -> andreev.mikhail.8b@gmail.com | G10: ='Информация о Чемпионате'!B14 -> +79201595535
A11: Количество экспертов (ЭН+ГЭ+ИЭ) + ТАП: | C11: ='Информация о Чемпионате'!B17 -> 13
A12: Количество конкурсантов: | C12: ='Информация о Чемпионате'!B15 -> 10
A13: Количество рабочих мест: | C13: ='Информация о Чемпионате'!B16 -> 10
A14: Даты проведения: | C14: ='Информация о Чемпионате'!B8 -> 02 февраля 2026 года - 06 января 2026 года
A15: Рабочее место Конкурсанта (основное оборудование, вспомогательное оборудование, инструмент (по количеству рабочих мест))
A16: Требования к обеспечению зоны (коммуникации, площадь, сети, количество рабочих мест и др.):
A17: Площадь зоны: 96 кв.м.
A18: Освещение: верхнее искусственное освещение 300 люкс
A19: Интернет : Подключение к проводному интернету
A20: Электричество: 3 подключения к сети по (220 Вольт)
A21: Контур заземления для электропитания и сети слаботочных подключений: не требуется
A22: Покрытие пола: линолеум - 96 м2 на всю зону
A23: Подведение/ отведение ГХВС: не требуется
A24: Подведение сжатого воздуха: не требуется
A25: № | B25: Наименование | C25: Краткие (рамочные) технические характеристики | D25: Вид | E25: Количество | F25: Единица измерения | G25: Итоговое количество | H25: Рекомендации представителей индустрии (указывается конкретное оборудование)
A26: 1 | B26: Стол компьютерый | C26: Стол компьютерный 61*101 | D26: Мебель | E26: 1 | F26: шт. ( на 1 раб.место) | G26: =E26*$C$13 -> 10
A27: 2 | B27: Кресло компьютерное | C27: Кресло компьютерное | D27: Мебель | E27: 1 | F27: шт. ( на 1 раб.место) | G27: =E27*$C$13 -> 10
A28: 3 | B28: Короб для системного блока | C28: Короб для системного блока 200*500 | D28: Мебель | E28: 1 | F28: шт. ( на 1 раб.место) | G28: =E28*$C$13 -> 10
A29: 4 | B29: Персональный компьютер в сборе | C29: ЦПУ: - AMD Ryzen 7 2700 @ 3.20 ГГц - количество физических ядер - 8 - количество потоков - 16 Сетевой адаптер: - технология Ethernet - 10/100/1000 mbps ОЗУ: - 16 ГБ Графический адаптер: - NVIDIA GeForce GTX 1650 - возможность подключения двух независимых мониторов ПЗУ: - SSD 256ГБ - HDD 1 ТБ | D29: Оборудование IT | E29: 1 | F29: шт. ( на 1 раб.место) | G29: =E29*$C$13 -> 10
A30: 5 | B30: Монитор | C30: Benq GW2475T | D30: Оборудование IT | E30: 2 | F30: шт. ( на 1 раб.место) | G30: =E30*$C$13 -> 20
A31: 6 | B31: Мышь для компьютера оптическая | C31: Мышь проводная Logitech B100 | D31: Оборудование IT | E31: 1 | F31: шт. ( на 1 раб.место) | G31: =E31*$C$13 -> 10
A32: 7 | B32: Клавиатура | C32: Клавиатура проводная Logitech K120 | D32: Оборудование IT | E32: 1 | F32: шт. ( на 1 раб.место) | G32: =E32*$C$13 -> 10
A33: 8 | B33: Интерфейсный кабель для подключения монитора | C33: HDMI-HDMI | D33: Оборудование IT | E33: 1 | F33: шт. ( на 1 раб.место) | G33: =E33*$C$13 -> 10
A34: 9 | B34: Интерфейсный кабель для подключения монитора | C34: DisplayPort-HDMI | D34: Оборудование IT | E34: 1 | F34: шт. ( на 1 раб.место) | G34: =E34*$C$13 -> 10
A35: 10 | B35: Планшет с ОС Android | C35: Планшет Lenovo TB-X606F Android 10, включая интерфейсный кабель для подключения к ПК | D35: Оборудование IT | E35: 1 | F35: шт. ( на 1 раб.место) | G35: =E35*$C$13 -> 10
A36: 11 | B36: Кабель питания | C36: Кабель питания CEE 7/7 - IEC 320 C13 | D36: Оборудование IT | E36: 3 | F36: шт. ( на 1 раб.место) | G36: =E36*$C$13 -> 30
A37: 12 | B37: ПО операционная система | C37: Microsoft Windows 11 | D37: ПО | E37: 1 | F37: шт. ( на 1 раб.место) | G37: =E37*$C$13 -> 10
... A58: 33 | B58: ПО среда разработки | C58: Программное обеспечение PyCharm Professional 2025.3 | D58: ПО | E58: 1 | F58: шт. ( на 1 раб.место) | G58: =E58*$C$13 -> 10
A59: 34 | B59: Текстовый редактор | C59: Sublime Text 4 Сборка 4200
A60: 35 | B60: Текстовый редактор | C60: Программное обеспечение текстовый редактор Notepad++ v8.8.9 | D60: ПО | E60: 1 | F60: шт. ( на 1 раб.место) | G60: =E60*$C$13 -> 10
A61: 36 | B61: Текстовый редактор | C61: Программное обеспечение текстовый редактор Visual Studio Code 1.107.1 включая: - C# - C# Dev Kit - C# Extensions - C# XML Documentation Comments - NuGet Package Manage - .NET Extension Pack - .NET MAUI - Avalonia for VSCode - Avalonia Templates - Xml Complete - Python - Python Debugger - Python Extension Pack - Python Path - Python Test Explorer for Visual Studio Code - Qt for Python - Python Development Extensions Pack - Java Extension Pack - Spring Boot Extension Pack - Maven for Java - Java - Gradle for Java - gradle-build-helper - Live Server - Path Intellisense - npm Intellisense - Vue.js Extension Pack - Angular Essentials - Flutter - React Native Tools - React Extension Pack - Node Essentials - Next.js CLI | D61: ПО | E61: 1 | F61: шт. ( на 1 раб.место) | G61: =E61*$C$13 -> 10
A62: 37 | B62: Клиент для работы с API | C62: Программное обеспечение Postman 7.0.9 | D62: ПО | E62: 1 | F62: шт. ( на 1 раб.место) | G62: =E62*$C$13 -> 10
A63: 38 | B63: ПО СУБД | C63: SQL Server Management Studio 19.3.4.0 | D63: ПО | E63: 1 | F63: шт. ( на 1 раб.место) | G63: =E63*$C$13 -> 10
A64: 39 | B64: ПО СУБД | C64: Ред База Данных. Промышленная редакция 5.1.3 | D64: ПО | E64: 1 | F64: шт. ( на 1 раб.место) | G64: =E64*$C$13 -> 10
A65: 40 | B65: ПО СУБД | C65: pgAdmin 4 v9.11 | D65: ПО | E65: 1 | F65: шт. ( на 1 раб.место) | G65: =E65*$C$13 -> 10
A66: 41 | B66: ПО СУБД | C66: MySQL Workbench 8.0.45 | D66: ПО | E66: 1 | F66: шт. ( на 1 раб.место) | G66: =E66*$C$13 -> 10
A67: 42 | B67: ПО СУБД | C67: Программное обеспечение DataGrip 2025.3 | D67: ПО | E67: 1 | F67: шт. ( на 1 раб.место) | G67: =E67*$C$13 -> 10
A68: 43 | B68: ПО среда разработки | C68: Программное обеспечение JetBrains Rider 2025.3.1 Включая следующие компоненты: - Web Development; - Database Tools; - Version Controls; - Rider Xamarin Android Support; - AvaloniaRider. | D68: ПО | E68: 1 | F68: шт. ( на 1 раб.место) | G68: =E68*$C$13 -> 10
A69: 44 | B69: ПО среда разработки | C69: Программное обеспечение Android Studio v2025.2.2.3 , включая следующие компоненты: - Android SDK Tools; - Android SDK Platform-Tools; - Android SDK Build-Tools; - Android SDK Platform; - USB Driver. | D69: ПО | E69: 1 | F69: шт. ( на 1 раб.место) | G69: =E69*$C$13 -> 10
A70: 45 | B70: Набор средств разработки | C70: Android 10 SDK | D70: ПО | E70: 1 | F70: шт. ( на 1 раб.место) | G70: =E70*$C$13 -> 10
A71: 46 | B71: Система управления программным обеспечением | C71: CLI Chocolatey 2.6.0 | D71: ПО | E71: 1 | F71: шт. ( на 1 раб.место) | G71: =E71*$C$13 -> 10
... A81: 56 | B81: Программное обеспечение для записи экрана | C81: OBS Studio 32.0.4 | D81: ПО | E81: 1 | F81: шт. ( на 1 раб.место) | G81: =E81*$C$13 -> 10

Sheet Расходные материалы
A1: Инфраструктурный лист для оснащения конкурсной площадки
A2: ='Информация о Чемпионате'!B4 -> Региональный этап чемпионат по профессиональному мастерству "Профессионалы" в 2026 г.
A3: по компетенции
A4: ='Информация о Чемпионате'!B3 -> Программные решения для бизнеса
A5: Основная информация о конкурсной площадке:
A6: Субъект Российской Федерации: | C6: ='Информация о Чемпионате'!B5 -> Санкт-Петербург
A7: Базовая организация расположения конкурсной площадки: | D7: ='Информация о Чемпионате'!B6 -> Санкт-Петербургский колледж телекоммуникаций им. Э.Т. Кренкеля ФГБОУ ВО "Санкт-Петербургский государственный университет телекоммуникаций им. проф. М.А.Бонч-Бруевича"
A8: Адрес базовой организации: | C8: ='Информация о Чемпионате'!B7 -> г. Санкт-Петербург, наб. реки Мойки, д. 61, лит. А.
A9: Главный эксперт: | C9: ='Информация о Чемпионате'!B9 -> Кривоносова Наталья Викторовна | E9: ='Информация о Чемпионате'!B10 -> nvkrivonosowa@mail.ru | G9: ='Информация о Чемпионате'!B11 -> +7(952)385-42-25
A10: Технический администратор площадки: | C10: ='Информация о Чемпионате'!B12 -> Андреев Михаил Дмитриевич | E10: ='Информация о Чемпионате'!B13 -> andreev.mikhail.8b@gmail.com | G10: ='Информация о Чемпионате'!B14 -> +79201595535
A11: Количество экспертов (ЭН+ГЭ+ИЭ) + ТАП: | C11: ='Информация о Чемпионате'!B17 -> 13
A12: Количество конкурсантов: | C12: ='Информация о Чемпионате'!B15 -> 10
A13: Количество рабочих мест: | C13: ='Информация о Чемпионате'!B16 -> 10
A14: Даты проведения: | C14: ='Информация о Чемпионате'!B8 -> 02 февраля 2026 года - 06 января 2026 года
A15: Рабочее место Конкурсанта (расходные материалы по количеству конкурсантов)
A16: № | B16: Наименование | C16: Краткие (рамочные) технические характеристики | D16: Вид | E16: Количество | F16: Единица измерения | G16: Итоговое количество | H16: Рекомендации представителей индустрии (указывается конкретное оборудование)
A17: 1 | B17: Бумага | C17: Белая, А4 | D17: Расходные материалы | E17: 20 | F17: шт. ( на 1 конкурсанта) | G17: =E17*$C$13 -> 200
A18: 2 | B18: Ручка | C18: Ручка шариковая | D18: Расходные материалы | E18: 1 | F18: шт. ( на 1 конкурсанта) | G18: =E18*$C$13 -> 10
A19: 5 | B19: Папка-конверт на кнопке А4 | C19: Папка-конверт на кнопке А4 | D19: Расходные материалы | E19: 1 | F19: шт. ( на 1 конкурсанта) | G19: =E19*$C$13 -> 10
A20: Расходные материалы на всех конкурсантов и экспертов
A21: № | B21: Наименование | C21: Краткие (рамочные) технические характеристики | D21: Вид | E21: Количество | F21: Единица измерения | G21: Итоговое количество | H21: Рекомендации представителей индустрии (указывается конкретное оборудование)
A22: 1 | B22: Бумага | C22: Белая, А4, пачка 500 листов | D22: Расходные материалы | E22: 8 | F22: шт. | G22: 8
A23: 2 | B23: Ручка шариковая | C23: Ручка шариковая | D23: Расходные материалы | E23: 14 | F23: шт. | G23: 14
A24: 3 | B24: Степлер + скобы | C24: Степлер + скобы | D24: Расходные материалы | E24: 1 | F24: шт. | G24: 1
A25: 4 | B25: Скрепки | C25: Скрепки | D25: Расходные материалы | E25: 1 | F25: Коробка | G25: 1
A26: 5 | B26: Ножницы | C26: Ножницы | D26: Расходные материалы | E26: 1 | F26: шт. | G26: 1
A27: 6 | B27: Нож канцелярский | C27: Нож канцелярский | D27: Расходные материалы | E27: 1 | F27: шт. | G27: 1
A28: 7 | B28: Стикеры | C28: С клейкой полосой. 100 шт.. в блоке. | D28: Расходные материалы | E28: 1 | F28: Блок | G28: 1
A29: 8 | B29: Клейкая лента прозрачная | C29: 50 мм ширина | D29: Расходные материалы | E29: 1 | F29: шт. | G29: 1
A30: 9 | B30: Зажим для бумаг | C30: 32 мм, 12 шт.. в упаковке | D30: Расходные материалы | E30: 1 | F30: Упаковка | G30: 1
A31: 10 | B31: Линейка 30 см | C31: 30 см, метрическая | D31: Расходные материалы | E31: 5 | F31: шт. | G31: 5
A32: 11 | B32: Файл канцелярский | C32: А4 | D32: Расходные материалы | E32: 100 | F32: Пачка | G32: 1
A33: Охрана труда и техника безопасности
A34: № | B34: Наименование | C34: Краткие (рамочные) технические характеристики | D34: Вид | E34: Количество | F34: Единица измерения | G34: Итоговое количество | H34: Рекомендации представителей индустрии (указывается конкретное оборудование)
A35: 1 | B35: Огнетушитель | C35: ОУ-1 | D35: Охрана труда | E35: 3 | F35: шт | G35: =E35 -> 3
A36: 2 | B36: Аптечка первой помощи | C36: Для сотрудников | D36: Охрана труда | E36: 3 | F36: шт | G36: =E36 -> 3
A37: 3 | B37: Кулер с питьевой водой или бутылированная вода | C37: На усмотрение организатора | D37: Охрана труда | E37: 1 | F37: шт | G37: 1

Sheet Личный инструмент конкурсанта
A1: Инфраструктурный лист для оснащения конкурсной площадки
A2: ='Информация о Чемпионате'!B4 -> Региональный этап чемпионат по профессиональному мастерству "Профессионалы" в 2026 г.
A3: по компетенции
A4: ='Информация о Чемпионате'!B3 -> Программные решения для бизнеса
A5: Личный инструмент конкурсанта
A6: № | B6: Наименование | C6: Краткие (рамочные) технические характеристики | D6: Вид | E6: Количество | F6: Единица измерения | G6: Примечание
A7: 1 | B7: не предусмотрен
